{
    "intercept": -15.505737682225398,
    "coefficients": [
        0.0,
        4.6275890442571586e-05,
        -7.386857113009756e-10
    ],
    "Extraction_Number": 20,
    "Average_ForceZ": "-15.50481245989083"
}